Workbook

Sheet Result
B2: Dataset | C2: MAD | E2: MAPD
B3: A1 | C3: {=SUM(ABS('A1'!C2:C999-'A1'!B2:B999))} -> 95.310581 | D3: =SUM('A1'!B2:B999) -> 441 | E3: =C3/D3 -> 0.21612377 | F3: =SUM(C3:C6) -> 366.38252 | G3: =SUM(C3:C6)/SUM(D3:D6) -> 0.26860889 | I3: MAPD | J3: Dataset A | K3: =G3 -> 0.26860889
B4: A2 | C4: {=SUM(ABS('A2'!C2:C999-'A2'!B2:B999))} -> 81.83166 | D4: =SUM('A2'!B2:B999) -> 225 | E4: =C4/D4 -> 0.36369627 | J4: Dataset B | K4: =G7 -> 0.23328611
B5: A3 | C5: {=SUM(ABS('A3'!C2:C999-'A3'!B2:B999))} -> 113.85628 | D5: =SUM('A3'!B2:B999) -> 448 | E5: =C5/D5 -> 0.25414348 | J5: Dataset C | K5: =G12 -> 0.26814325
B6: A4 | C6: {=SUM(ABS('A4'!C2:C999-'A4'!B2:B999))} -> 75.384001 | D6: =SUM('A4'!B2:B999) -> 250 | E6: =C6/D6 -> 0.30153601 | J6: Dataset D | K6: =G16 -> 0.24745579
B7: B1 | C7: {=SUM(ABS('B1'!C2:C999-'B1'!B2:B999))} -> 96.703032 | D7: =SUM('B1'!B2:B999) -> 441 | E7: =C7/D7 -> 0.21928125 | F7: =SUM(C7:C11) -> 377.69022 | G7: =SUM(C7:C11)/SUM(D7:D11) -> 0.23328611
B8: B2 | C8: {=SUM(ABS('B2'!C2:C999-'B2'!B2:B999))} -> 40.047419 | D8: =SUM('B2'!B2:B999) -> 225 | E8: =C8/D8 -> 0.17798853 | I8: Average MAPD of all test cases
B9: B3 | C9: {=SUM(ABS('B3'!C2:C999-'B3'!B2:B999))} -> 102.70298 | D9: =SUM('B3'!B2:B999) -> 448 | E9: =C9/D9 -> 0.22924772 | I9: =G22 -> 0.25437351
B10: B4 | C10: {=SUM(ABS('B4'!C2:C999-'B4'!B2:B999))} -> 59.395405 | D10: =SUM('B4'!B2:B999) -> 250 | E10: =C10/D10 -> 0.23758162
B11: B5 | C11: {=SUM(ABS('B5'!C2:C999-'B5'!B2:B999))} -> 78.841383 | D11: =SUM('B5'!B2:B999) -> 255 | E11: =C11/D11 -> 0.30918189
B12: C1 | C12: {=SUM(ABS('C1'!C2:C999-'C1'!B2:B999))} -> 55.228416 | D12: =SUM('C1'!B2:B999) -> 225 | E12: =C12/D12 -> 0.24545963 | F12: =SUM(C12:C15) -> 235.16163 | G12: =SUM(C12:C15)/SUM(D12:D15) -> 0.26814325
B13: C2 | C13: {=SUM(ABS('C2'!C2:C999-'C2'!B2:B999))} -> 68.130927 | D13: =SUM('C2'!B2:B999) -> 192 | E13: =C13/D13 -> 0.35484858
B14: C3 | C14: {=SUM(ABS('C3'!C2:C999-'C3'!B2:B999))} -> 63.84589 | D14: =SUM('C3'!B2:B999) -> 227 | E14: =C14/D14 -> 0.28125943
B15: C4 | C15: {=SUM(ABS('C4'!C2:C999-'C4'!B2:B999))} -> 47.956399 | D15: =SUM('C4'!B2:B999) -> 233 | E15: =C15/D15 -> 0.20582146
B16: D1 | C16: {=SUM(ABS('D1'!C2:C999-'D1'!B2:B999))} -> 40.072261 | D16: =SUM('D1'!B2:B999) -> 225 | E16: =C16/D16 -> 0.17809894 | F16: =SUM(C16:C20) -> 273.6861 | G16: =SUM(C16:C20)/SUM(D16:D20) -> 0.24745579
B17: D2 | C17: {=SUM(ABS('D2'!C2:C999-'D2'!B2:B999))} -> 69.925949 | D17: =SUM('D2'!B2:B999) -> 192 | E17: =C17/D17 -> 0.36419765
B18: D3 | C18: {=SUM(ABS('D3'!C2:C999-'D3'!B2:B999))} -> 63.794476 | D18: =SUM('D3'!B2:B999) -> 227 | E18: =C18/D18 -> 0.28103293
B19: D4 | C19: {=SUM(ABS('D4'!C2:C999-'D4'!B2:B999))} -> 45.601692 | D19: =SUM('D4'!B2:B999) -> 233 | E19: =C19/D19 -> 0.19571542
B20: D5 | C20: {=SUM(ABS('D5'!C2:C999-'D5'!B2:B999))} -> 54.291724 | D20: =SUM('D5'!B2:B999) -> 229 | E20: =C20/D20 -> 0.23708176
G22: =(G3+G7+G12+G16)/4 -> 0.25437351

Sheet A1
A1: Time Period | B1: Value | C1: Predicted
A2: 2 | B2: 3 | C2: 6.2783251
A3: 3 | B3: 3 | C3: 6.2974119
A4: 4 | B4: 4.3333333 | C4: 6.2974119
A5: 5 | B5: 4.3333333 | C5: 6.2974119
A6: 6 | B6: 4.3333333 | C6: 6.2974119
A7: 7 | B7: 5.3333333 | C7: 4.3666916
A8: 8 | B8: 5.3333333 | C8: 5.3698936
A9: 9 | B9: 5.3333333 | C9: 5.3698936
A10: 10 | B10: 4.5 | C10: 5.3698936
A11: 11 | B11: 4.5 | C11: 4.5155177
A12: 12 | B12: 6.5 | C12: 5.1452403
A13: 13 | B13: 6.5 | C13: 6.6245923
... A69: 69 | B69: 3.5 | C69: 3.6697068

Sheet A2
A1: Time Period | B1: Value | C1: Predicted
A2: 35 | B2: 4.4 | C2: 7.9610591
A3: 36 | B3: 4.4 | C3: 7.9013314
A4: 37 | B4: 4.4 | C4: 7.9013314
A5: 38 | B5: 4.4 | C5: 7.9013314
A6: 39 | B6: 4.4 | C6: 7.9013314
A7: 40 | B7: 2.8 | C7: 7.9013314
A8: 41 | B8: 2.8 | C8: 7.9610591
A9: 42 | B9: 2.8 | C9: 7.9610591
A10: 43 | B10: 2.8 | C10: 7.9610591
A11: 44 | B11: 2.8 | C11: 7.9610591
A12: 45 | B12: 9.2 | C12: 7.9356923
A13: 46 | B13: 9.2 | C13: 9.0266409
... A42: 75 | B42: 3 | C42: 4.4926939

Sheet A3
A1: Time Period | B1: Value | C1: Predicted
A2: 1 | B2: 5 | C2: 3.6970365
A3: 2 | B3: 5 | C3: 4.5845566
A4: 3 | B4: 5 | C4: 4.5845566
A5: 4 | B5: 5 | C5: 5.0433912
A6: 5 | B6: 3.6666667 | C6: 5.0433912
A7: 6 | B7: 3.6666667 | C7: 4.0365157
A8: 7 | B8: 3.6666667 | C8: 4.0365157
A9: 8 | B9: 5.6666667 | C9: 4.0365157
A10: 9 | B10: 5.6666667 | C10: 6.8405361
A11: 10 | B11: 5.6666667 | C11: 6.8405361
A12: 11 | B12: 7.5 | C12: 7.0146999
A13: 12 | B13: 7.5 | C13: 7.6495595
... A73: 72 | B73: 3 | C73: 3.3082335

Sheet A4
A1: Time Period | B1: Value | C1: Predicted
A2: 35 | B2: 9 | C2: 4.3427315
A3: 36 | B3: 9 | C3: 7.0333738
A4: 37 | B4: 9 | C4: 7.0333738
A5: 38 | B5: 9 | C5: 7.0333738
A6: 39 | B6: 9 | C6: 7.0333738
A7: 40 | B7: 9 | C7: 6.4963303
A8: 41 | B8: 8.6666667 | C8: 6.5393066
A9: 42 | B9: 8.6666667 | C9: 6.2708335
A10: 43 | B10: 8.6666667 | C10: 6.2708335
A11: 44 | B11: 9 | C11: 6.2708335
A12: 45 | B12: 9 | C12: 6.6531386
A13: 46 | B13: 9 | C13: 6.6531386
... A37: 70 | B37: 2.5 | C37: 3.9109037

Sheet B1
A1: Time Period | B1: Value | C1: Predicted
A2: 2 | B2: 3 | C2: 6.4552226
A3: 3 | B3: 3 | C3: 6.4552226
A4: 4 | B4: 4.3333333 | C4: 6.4732471
A5: 5 | B5: 4.3333333 | C5: 6.4461088
A6: 6 | B6: 4.3333333 | C6: 6.4461088
A7: 7 | B7: 5.3333333 | C7: 4.0901484
A8: 8 | B8: 5.3333333 | C8: 4.9823399
A9: 9 | B9: 5.3333333 | C9: 5.0653009
A10: 10 | B10: 4.5 | C10: 5.0653009
A11: 11 | B11: 4.5 | C11: 4.2607965
A12: 12 | B12: 6.5 | C12: 4.2607965
A13: 13 | B13: 6.5 | C13: 6.2370553
... A69: 69 | B69: 3.5 | C69: 3.6433797

Sheet B2
A1: Time Period | B1: Value | C1: Predicted
A2: 35 | B2: 4.4 | C2: 6.7717733
A3: 36 | B3: 4.4 | C3: 4.9293261
A4: 37 | B4: 4.4 | C4: 4.9293261
A5: 38 | B5: 4.4 | C5: 4.6048498
A6: 39 | B6: 4.4 | C6: 4.6048498
A7: 40 | B7: 2.8 | C7: 4.6048498
A8: 41 | B8: 2.8 | C8: 4.2916379
A9: 42 | B9: 2.8 | C9: 4.383245
A10: 43 | B10: 2.8 | C10: 4.383245
A11: 44 | B11: 2.8 | C11: 4.383245
A12: 45 | B12: 9.2 | C12: 4.383245
A13: 46 | B13: 9.2 | C13: 8.5463076
... A42: 75 | B42: 3 | C42: 3.8282893

Sheet B3
A1: Time Period | B1: Value | C1: Predicted
A2: 1 | B2: 5 | C2: 3.6145468
A3: 2 | B3: 5 | C3: 4.5364404
A4: 3 | B4: 5 | C4: 4.5364404
A5: 4 | B5: 5 | C5: 4.7620883
A6: 5 | B6: 3.6666667 | C6: 4.8137465
A7: 6 | B7: 3.6666667 | C7: 3.802038
A8: 7 | B8: 3.6666667 | C8: 3.802038
A9: 8 | B9: 5.6666667 | C9: 3.8249533
A10: 9 | B10: 5.6666667 | C10: 6.3987565
A11: 10 | B11: 5.6666667 | C11: 6.3987565
A12: 11 | B12: 7.5 | C12: 6.4615855
A13: 12 | B13: 7.5 | C13: 7.4104767
... A73: 72 | B73: 3 | C73: 3.3467469

Sheet B4
A1: Time Period | B1: Value | C1: Predicted
A2: 35 | B2: 9 | C2: 5.1105456
A3: 36 | B3: 9 | C3: 7.0927525
A4: 37 | B4: 9 | C4: 7.0927525
A5: 38 | B5: 9 | C5: 7.0156803
A6: 39 | B6: 9 | C6: 7.0156803
A7: 40 | B7: 9 | C7: 6.8070588
A8: 41 | B8: 8.6666667 | C8: 6.8070588
A9: 42 | B9: 8.6666667 | C9: 6.6878095
A10: 43 | B10: 8.6666667 | C10: 6.6878095
A11: 44 | B11: 9 | C11: 6.6878095
A12: 45 | B12: 9 | C12: 7.4607072
A13: 46 | B13: 9 | C13: 7.4607072
... A37: 70 | B37: 2.5 | C37: 3.9053419

Sheet B5
A1: Time Period | B1: Value | C1: Predicted
A2: 20 | B2: 7 | C2: 5.1312714
A3: 21 | B3: 7 | C3: 6.8536758
A4: 22 | B4: 7 | C4: 6.8536758
A5: 23 | B5: 3.25 | C5: 7.9463835
A6: 24 | B6: 3.25 | C6: 5.395081
A7: 25 | B7: 3.25 | C7: 4.9966092
A8: 26 | B8: 3.25 | C8: 5.1218562
A9: 27 | B9: 4.4 | C9: 4.9253721
A10: 28 | B10: 4.4 | C10: 4.8001251
A11: 29 | B11: 4.4 | C11: 4.8001251
A12: 30 | B12: 4.4 | C12: 5.7174444
A13: 31 | B13: 4.4 | C13: 5.6129317
... A59: 77 | B59: 4.6666667 | C59: 4.6818414

Sheet C1
A1: Time Period | B1: Value | C1: Predicted
A2: 3 | B2: 3.6666667 | C2: 3.6556225
A3: 4 | B3: 3.6666667 | C3: 4.0609088
A4: 5 | B4: 3.6666667 | C4: 4.0609088
A5: 6 | B5: 4.3333333 | C5: 4.0808587
A6: 7 | B6: 4.3333333 | C6: 4.5577397
A7: 8 | B7: 4.3333333 | C7: 5.2415738
A8: 9 | B8: 3.6666667 | C8: 4.9414239
A9: 10 | B9: 3.6666667 | C9: 4.5336819
A10: 11 | B10: 3.6666667 | C10: 4.5336819
A11: 12 | B11: 5.3333333 | C11: 4.5336819
A12: 13 | B12: 5.3333333 | C12: 4.9690194
A13: 14 | B13: 5.3333333 | C13: 4.9690194
... A58: 59 | B58: 2.3333333 | C58: 3.8802695

Sheet C2
A1: Time Period | B1: Value | C1: Predicted
A2: 3 | B2: 2 | C2: 4.2930179
A3: 4 | B3: 2 | C3: 3.7696187
A4: 5 | B4: 2 | C4: 3.7696187
A5: 6 | B5: 3.6666667 | C5: 3.8691335
A6: 7 | B6: 3.6666667 | C6: 3.9071679
A7: 8 | B7: 3.6666667 | C7: 3.9504569
A8: 9 | B8: 3 | C8: 3.9504569
A9: 10 | B9: 3 | C9: 3.5303807
A10: 11 | B10: 3 | C10: 3.5303807
A11: 12 | B11: 4 | C11: 3.7818696
A12: 13 | B12: 4 | C12: 4.6723065
A13: 14 | B13: 4 | C13: 4.6723065
... A65: 66 | B65: 2 | C65: 4.2446451

Sheet C3
A1: Time Period | B1: Value | C1: Predicted
A2: 1 | B2: 4.3333333 | C2: 3.3632922
A3: 2 | B3: 4.3333333 | C3: 4.1265287
A4: 3 | B4: 4.3333333 | C4: 4.1265287
A5: 4 | B5: 6.3333333 | C5: 4.0469041
A6: 5 | B6: 6.3333333 | C6: 5.0626249
A7: 6 | B7: 6.3333333 | C7: 5.0626249
A8: 7 | B8: 5 | C8: 5.2277932
A9: 8 | B9: 5 | C9: 4.1509399
A10: 9 | B10: 5 | C10: 4.1509399
A11: 10 | B11: 4 | C11: 4.1974463
A12: 11 | B12: 4 | C12: 3.4976261
A13: 12 | B13: 4 | C13: 3.4976261
... A52: 51 | B52: 3 | C52: 3.6476035

Sheet C4
A1: Time Period | B1: Value | C1: Predicted
A2: 3 | B2: 5.6666667 | C2: 2.8116767
A3: 4 | B3: 5.6666667 | C3: 4.4644389
A4: 5 | B4: 5.6666667 | C4: 4.4644389
A5: 6 | B5: 5 | C5: 4.8104649
A6: 7 | B6: 5 | C6: 4.736062
A7: 8 | B7: 5 | C7: 4.6189947
A8: 9 | B8: 3 | C8: 4.6189947
A9: 10 | B9: 3 | C9: 3.0773733
A10: 11 | B10: 3 | C10: 3.708827
A11: 12 | B11: 4.3333333 | C11: 3.4435151
A12: 13 | B12: 4.3333333 | C12: 4.5937901
A13: 14 | B13: 4.3333333 | C13: 4.5937901
... A61: 62 | B61: 4 | C61: 3.6038408

Sheet D1
A1: Time Period | B1: Value | C1: Predicted
A2: 3 | B2: 3.6666667 | C2: 3.6050065
A3: 4 | B3: 3.6666667 | C3: 3.6435592
A4: 5 | B4: 3.6666667 | C4: 3.6435592
A5: 6 | B5: 4.3333333 | C5: 3.6435592
A6: 7 | B6: 4.3333333 | C6: 4.399684
A7: 8 | B7: 4.3333333 | C7: 4.4349928
A8: 9 | B8: 3.6666667 | C8: 4.3996582
A9: 10 | B9: 3.6666667 | C9: 3.8265533
A10: 11 | B10: 3.6666667 | C10: 3.8265533
A11: 12 | B11: 5.3333333 | C11: 3.8265533
A12: 13 | B12: 5.3333333 | C12: 4.4336634
A13: 14 | B13: 5.3333333 | C13: 4.4336634
... A58: 59 | B58: 2.3333333 | C58: 2.7037625

Sheet D2
A1: Time Period | B1: Value | C1: Predicted
A2: 3 | B2: 2 | C2: 4.290329
A3: 4 | B3: 2 | C3: 3.9722421
A4: 5 | B4: 2 | C4: 3.9722421
A5: 6 | B5: 3.6666667 | C5: 3.9722421
A6: 7 | B6: 3.6666667 | C6: 3.9654963
A7: 8 | B7: 3.6666667 | C7: 3.8534091
A8: 9 | B8: 3 | C8: 3.8534091
A9: 10 | B9: 3 | C9: 3.7894216
A10: 11 | B10: 3 | C10: 3.7894216
A11: 12 | B11: 4 | C11: 3.7894216
A12: 13 | B12: 4 | C12: 4.3533483
A13: 14 | B13: 4 | C13: 4.3533483
... A65: 66 | B65: 2 | C65: 4.0751495

Sheet D3
A1: Time Period | B1: Value | C1: Predicted
A2: 1 | B2: 4.3333333 | C2: 3.434222
A3: 2 | B3: 4.3333333 | C3: 4.0892029
A4: 3 | B4: 4.3333333 | C4: 4.0892029
A5: 4 | B5: 6.3333333 | C5: 4.0189877
A6: 5 | B6: 6.3333333 | C6: 4.8534288
A7: 6 | B7: 6.3333333 | C7: 4.8534288
A8: 7 | B8: 5 | C8: 4.9396534
A9: 8 | B9: 5 | C9: 4.0784369
A10: 9 | B10: 5 | C10: 4.0784369
A11: 10 | B11: 4 | C11: 4.0784369
A12: 11 | B12: 4 | C12: 3.7160833
A13: 12 | B13: 4 | C13: 3.7160833
... A52: 51 | B52: 3 | C52: 3.6266153

Sheet D4
A1: Time Period | B1: Value | C1: Predicted
A2: 3 | B2: 5.6666667 | C2: 3.0536654
A3: 4 | B3: 5.6666667 | C3: 4.6528363
A4: 5 | B4: 5.6666667 | C4: 4.6528363
A5: 6 | B5: 5 | C5: 4.8557935
A6: 7 | B6: 5 | C6: 4.6334386
A7: 8 | B7: 5 | C7: 4.6334386
A8: 9 | B8: 3 | C8: 4.6334386
A9: 10 | B9: 3 | C9: 3.3095882
A10: 11 | B10: 3 | C10: 3.8624306
A11: 12 | B11: 4.3333333 | C11: 3.5965338
A12: 13 | B12: 4.3333333 | C12: 4.4805813
A13: 14 | B13: 4.3333333 | C13: 4.4805813
... A61: 62 | B61: 4 | C61: 3.744122

Sheet D5
A1: Time Period | B1: Value | C1: Predicted
A2: 3 | B2: 4 | C2: 3.5802884
A3: 4 | B3: 4 | C3: 4.9874411
A4: 5 | B4: 4 | C4: 4.9874411
A5: 6 | B5: 4 | C5: 4.9874411
A6: 7 | B6: 4 | C6: 4.9874411
A7: 8 | B7: 4 | C7: 4.9874411
A8: 9 | B8: 4.3333333 | C8: 4.9229822
A9: 10 | B9: 4.3333333 | C9: 4.9229822
A10: 11 | B10: 4.3333333 | C10: 4.9229822
A11: 12 | B11: 3.6666667 | C11: 4.9229822
A12: 13 | B12: 3.6666667 | C12: 3.9612091
A13: 14 | B13: 3.6666667 | C13: 3.9612091
... A61: 62 | B61: 3.6666667 | C61: 2.3060317
